video,cue,model,forced_language,word,probability,source_start_estimate,source_end_estimate,final_start_estimate,final_end_estimate
can_have,c02,small,auto,Can,0.927674412727356,2.197574,2.677574,2.898,3.378
can_have,c02,small,auto,I,0.9841343760490417,2.677574,2.797574,3.378,3.498
can_have,c02,small,auto,have,0.9981673955917358,2.797574,2.917574,3.498,3.618
can_have,c02,small,auto,some,0.9962241649627686,2.917574,3.077574,3.618,3.778
can_have,c02,small,auto,"water,",0.9990229606628418,3.077574,3.377574,3.778,4.078
can_have,c02,small,auto,please?,0.9978805780410767,3.457574,3.677574,4.158,4.378
can_have,c02,small,es,¿Puedo,0.8237366676330566,2.197574,2.737574,2.898,3.438
can_have,c02,small,es,tener,0.4498973488807678,2.737574,2.917574,3.438,3.618
can_have,c02,small,es,"agua,",0.5861572027206421,2.917574,3.317574,3.618,4.018
can_have,c02,small,es,por,0.8617343902587891,3.477574,3.577574,4.178,4.278
can_have,c02,small,es,favor?,0.9656566381454468,3.577574,3.777574,4.278,4.478
can_have,c02,small,en,Can,0.927674412727356,2.197574,2.677574,2.898,3.378
can_have,c02,small,en,I,0.9841343760490417,2.677574,2.797574,3.378,3.498
can_have,c02,small,en,have,0.9981673955917358,2.797574,2.917574,3.498,3.618
can_have,c02,small,en,some,0.9962241649627686,2.917574,3.077574,3.618,3.778
can_have,c02,small,en,"water,",0.9990229606628418,3.077574,3.377574,3.778,4.078
can_have,c02,small,en,please?,0.9978805780410767,3.457574,3.677574,4.158,4.378
can_have,c04,small,auto,Here,0.9000439047813416,6.741995,7.281995,8.042,8.582
can_have,c04,small,auto,you,0.9657565951347351,7.281995,7.401995,8.582,8.702
can_have,c04,small,auto,go.,0.99882572889328,7.401995,7.601995,8.702,8.902
can_have,c04,small,es,¡Aquí,0.5733037851750851,6.741995,7.261995,8.042,8.562
can_have,c04,small,es,está!,0.22728528082370758,7.261995,7.441995,8.562,8.742
can_have,c05,small,auto,Aquí,0.8321876525878906,8.044921,8.524921,9.445,9.925
can_have,c05,small,auto,tienes.,0.9839890599250793,8.524921,8.844921,9.925,10.245
can_have,c05,small,es,Aquí,0.8321876525878906,8.044921,8.524921,9.445,9.925
can_have,c05,small,es,tienes.,0.9839890599250793,8.524921,8.844921,9.925,10.245
borrow_lend,c02,small,auto,Can,0.9023171663284302,2.064286,2.444286,2.664,3.044
borrow_lend,c02,small,auto,I,0.9842612743377686,2.444286,2.564286,3.044,3.164
borrow_lend,c02,small,auto,borrow,0.9996978044509888,2.564286,2.864286,3.164,3.464
borrow_lend,c02,small,auto,your,0.989517867565155,2.864286,3.064286,3.464,3.664
borrow_lend,c02,small,auto,pen?,0.9933007955551147,3.064286,3.324286,3.664,3.924
borrow_lend,c02,small,es,¿Puedo,0.8425083458423615,2.064286,2.524286,2.664,3.124
borrow_lend,c02,small,es,borrar,0.6637284457683563,2.524286,2.964286,3.124,3.564
borrow_lend,c02,small,es,tu,0.6774459481239319,2.964286,3.044286,3.564,3.644
borrow_lend,c02,small,es,pan?,0.08484984189271927,3.044286,3.304286,3.644,3.904
borrow_lend,c04,small,auto,"Borrow,",0.6565900444984436,5.300295,6.140295,6.3,7.14
borrow_lend,c04,small,auto,recibir,0.958342432975769,6.440295,6.960295,7.44,7.96
borrow_lend,c04,small,auto,algo,0.9981653094291687,6.960295,7.280295,7.96,8.28
borrow_lend,c04,small,auto,prestado.,0.9944800138473511,7.280295,7.860295,8.28,8.86
borrow_lend,c04,small,es,"Borrow,",0.6565900444984436,5.300295,6.140295,6.3,7.14
borrow_lend,c04,small,es,recibir,0.958342432975769,6.440295,6.960295,7.44,7.96
borrow_lend,c04,small,es,algo,0.9981653094291687,6.960295,7.280295,7.96,8.28
borrow_lend,c04,small,es,prestado.,0.9944800138473511,7.280295,7.860295,8.28,8.86
borrow_lend,c06,small,auto,Te,0.667488157749176,10.165964,10.425964,12.866,13.126
borrow_lend,c06,small,auto,puedo,0.9883747100830078,10.425964,10.645964,13.126,13.346
borrow_lend,c06,small,auto,prestar,0.993961364030838,10.645964,11.005964,13.346,13.706
borrow_lend,c06,small,auto,mi,0.9921029210090637,11.005964,11.165964,13.706,13.866
borrow_lend,c06,small,auto,pluma.,0.9870792627334595,11.165964,11.505964,13.866,14.206
borrow_lend,c06,small,es,Te,0.667488157749176,10.165964,10.425964,12.866,13.126
borrow_lend,c06,small,es,puedo,0.9883747100830078,10.425964,10.645964,13.126,13.346
borrow_lend,c06,small,es,prestar,0.993961364030838,10.645964,11.005964,13.346,13.706
borrow_lend,c06,small,es,mi,0.9921029210090637,11.005964,11.165964,13.706,13.866
borrow_lend,c06,small,es,pluma.,0.9870792627334595,11.165964,11.505964,13.866,14.206
schedule_options,c02,small,auto,Para,0.9034706950187683,2.970249,3.390249,3.77,4.19
schedule_options,c02,small,auto,grupos,0.7127518653869629,3.390249,3.710249,4.19,4.51
schedule_options,c02,small,auto,y,0.9874922037124634,3.710249,4.050249,4.51,4.85
schedule_options,c02,small,auto,speaking,0.5649270415306091,4.050249,4.390249,4.85,5.19
schedule_options,c02,small,auto,club,0.9433421492576599,4.390249,4.750249,5.19,5.55
schedule_options,c02,small,auto,hay,0.7327051162719727,4.750249,5.230249,5.55,6.03
schedule_options,c02,small,auto,opciones,0.9961521625518799,5.230249,5.570249,6.03,6.37
schedule_options,c02,small,auto,de,0.9694944620132446,5.570249,5.770249,6.37,6.57
schedule_options,c02,small,auto,lunes,0.9932695031166077,5.770249,6.070249,6.57,6.87
schedule_options,c02,small,auto,a,0.9953674077987671,6.070249,6.250249,6.87,7.05
schedule_options,c02,small,auto,"viernes,",0.994035542011261,6.250249,6.690249,7.05,7.49
schedule_options,c02,small,auto,sábado,0.9930731455485026,6.830249,7.390249,7.63,8.19
schedule_options,c02,small,auto,o,0.9878156781196594,7.390249,7.650249,8.19,8.45
schedule_options,c02,small,auto,domingo.,0.9962879121303558,7.650249,8.090249,8.45,8.89
schedule_options,c02,small,es,Para,0.9034706950187683,2.970249,3.390249,3.77,4.19
schedule_options,c02,small,es,grupos,0.7127518653869629,3.390249,3.710249,4.19,4.51
schedule_options,c02,small,es,y,0.9874922037124634,3.710249,4.050249,4.51,4.85
schedule_options,c02,small,es,speaking,0.5649270415306091,4.050249,4.390249,4.85,5.19
schedule_options,c02,small,es,club,0.9433421492576599,4.390249,4.750249,5.19,5.55
schedule_options,c02,small,es,hay,0.7327051162719727,4.750249,5.230249,5.55,6.03
schedule_options,c02,small,es,opciones,0.9961521625518799,5.230249,5.570249,6.03,6.37
schedule_options,c02,small,es,de,0.9694944620132446,5.570249,5.770249,6.37,6.57
schedule_options,c02,small,es,lunes,0.9932695031166077,5.770249,6.070249,6.57,6.87
schedule_options,c02,small,es,a,0.9953674077987671,6.070249,6.250249,6.87,7.05
schedule_options,c02,small,es,"viernes,",0.994035542011261,6.250249,6.690249,7.05,7.49
schedule_options,c02,small,es,sábado,0.9930731455485026,6.830249,7.390249,7.63,8.19
schedule_options,c02,small,es,o,0.9878156781196594,7.390249,7.650249,8.19,8.45
schedule_options,c02,small,es,domingo.,0.9962879121303558,7.650249,8.090249,8.45,8.89
can_have,c06,small,auto,Ahora,0.8243963718414307,9.36712,9.94712,11.967,12.547
can_have,c06,small,auto,cambia,0.9858554303646088,9.94712,10.44712,12.547,13.047
can_have,c06,small,auto,water,0.48481833934783936,10.44712,10.80712,13.047,13.407
can_have,c06,small,auto,por,0.7542871236801147,10.80712,11.42712,13.407,14.027
can_have,c06,small,auto,juice.,0.8847206234931946,11.42712,11.84712,14.027,14.447
can_have,c06,small,es,Ahora,0.8243963718414307,9.36712,9.94712,11.967,12.547
can_have,c06,small,es,cambia,0.9858554303646088,9.94712,10.44712,12.547,13.047
can_have,c06,small,es,water,0.48481833934783936,10.44712,10.80712,13.047,13.407
can_have,c06,small,es,por,0.7542871236801147,10.80712,11.42712,13.407,14.027
can_have,c06,small,es,juice.,0.8847206234931946,11.42712,11.84712,14.027,14.447
borrow_lend,c05,small,auto,I,0.9261181950569153,8.286871,8.766871,10.787,11.267
borrow_lend,c05,small,auto,can,0.9934749007225037,8.766871,8.926871,11.267,11.427
borrow_lend,c05,small,auto,lend,0.9975380897521973,8.926871,9.186871,11.427,11.687
borrow_lend,c05,small,auto,you,0.9971776008605957,9.186871,9.366871,11.687,11.867
borrow_lend,c05,small,auto,my,0.9970988035202026,9.366871,9.526871,11.867,12.027
borrow_lend,c05,small,auto,pen.,0.9904415607452393,9.526871,9.746871,12.027,12.247
borrow_lend,c05,small,es,Yo,0.06585710495710373,8.286871,8.786871,10.787,11.287
borrow_lend,c05,small,es,puedo,0.6907336115837097,8.786871,8.926871,11.287,11.427
borrow_lend,c05,small,es,enviarme,0.4733131354053815,8.926871,9.366871,11.427,11.867
borrow_lend,c05,small,es,mi,0.6300076842308044,9.366871,9.526871,11.867,12.027
borrow_lend,c05,small,es,pen.,0.3209012448787689,9.526871,9.726871,12.027,12.227
borrow_lend,c07,small,auto,"Lend,",0.5599495768547058,11.958141,12.778141,14.858,15.678
borrow_lend,c07,small,auto,prestar,0.8205173015594482,13.238141,13.698141,16.138,16.598
borrow_lend,c07,small,auto,a,0.9828935265541077,13.698141,13.978141,16.598,16.878
borrow_lend,c07,small,auto,otra,0.9908768534660339,13.978141,14.158141,16.878,17.058
borrow_lend,c07,small,auto,persona.,0.999650239944458,14.158141,14.558141,17.058,17.458
borrow_lend,c07,small,es,"Lend,",0.5599495768547058,11.958141,12.778141,14.858,15.678
borrow_lend,c07,small,es,prestar,0.8205173015594482,13.238141,13.698141,16.138,16.598
borrow_lend,c07,small,es,a,0.9828935265541077,13.698141,13.978141,16.598,16.878
borrow_lend,c07,small,es,otra,0.9908768534660339,13.978141,14.158141,16.878,17.058
borrow_lend,c07,small,es,persona.,0.999650239944458,14.158141,14.558141,17.058,17.458
borrow_lend,c08,small,auto,Ahora,0.781406581401825,15.099501,15.659501,19.399,19.959
borrow_lend,c08,small,auto,"tú,",0.9019589424133301,15.659501,15.899501,19.959,20.199
borrow_lend,c08,small,auto,¿Can,0.3372859060764313,16.579501,16.699501,20.879,20.999
borrow_lend,c08,small,auto,I,0.9806687235832214,16.699501,17.119501,20.999,21.419
borrow_lend,c08,small,auto,your,0.3214382231235504,17.119501,17.899501,21.419,22.199
borrow_lend,c08,small,auto,charger?,0.9521520137786865,17.899501,18.319501,22.199,22.619
borrow_lend,c08,small,auto,¿Qué,0.8320463299751282,19.119501,19.219501,23.419,23.519
borrow_lend,c08,small,auto,palabra,0.9934112429618835,19.219501,19.459501,23.519,23.759
borrow_lend,c08,small,auto,falta?,0.9883208274841309,19.459501,19.779501,23.759,24.079
borrow_lend,c08,small,es,Ahora,0.781406581401825,15.099501,15.659501,19.399,19.959
borrow_lend,c08,small,es,"tú,",0.9019589424133301,15.659501,15.899501,19.959,20.199
borrow_lend,c08,small,es,¿Can,0.3372859060764313,16.579501,16.699501,20.879,20.999
borrow_lend,c08,small,es,I,0.9806687235832214,16.699501,17.119501,20.999,21.419
borrow_lend,c08,small,es,your,0.3214382231235504,17.119501,17.899501,21.419,22.199
borrow_lend,c08,small,es,charger?,0.9521520137786865,17.899501,18.319501,22.199,22.619
borrow_lend,c08,small,es,¿Qué,0.8320463299751282,19.119501,19.219501,23.419,23.519
borrow_lend,c08,small,es,palabra,0.9934112429618835,19.219501,19.459501,23.519,23.759
borrow_lend,c08,small,es,falta?,0.9883208274841309,19.459501,19.779501,23.759,24.079
can_have,c06,medium,auto,Ahora,0.553235650062561,9.36712,10.08712,11.967,12.687
can_have,c06,medium,auto,cambia,0.9633316099643707,10.08712,10.52712,12.687,13.127
can_have,c06,medium,auto,Water,0.3210376799106598,10.52712,11.06712,13.127,13.667
can_have,c06,medium,auto,por,0.9662323594093323,11.06712,11.62712,13.667,14.227
can_have,c06,medium,auto,Juice.,0.953302800655365,11.62712,12.06712,14.227,14.667
can_have,c06,medium,es,Ahora,0.553235650062561,9.36712,10.08712,11.967,12.687
can_have,c06,medium,es,cambia,0.9633316099643707,10.08712,10.52712,12.687,13.127
can_have,c06,medium,es,Water,0.3210376799106598,10.52712,11.06712,13.127,13.667
can_have,c06,medium,es,por,0.9662323594093323,11.06712,11.62712,13.667,14.227
can_have,c06,medium,es,Juice.,0.953302800655365,11.62712,12.06712,14.227,14.667
borrow_lend,c09,medium,auto,Clases,0.7992385923862457,20.462744,21.242744,27.662,28.442
borrow_lend,c09,medium,auto,en,0.97995924949646,21.242744,21.462744,28.442,28.662
borrow_lend,c09,medium,auto,línea.,0.8837366104125977,21.462744,21.882744,28.662,29.082
borrow_lend,c09,medium,auto,Manda,0.9708325862884521,22.242744,22.482744,29.442,29.682
borrow_lend,c09,medium,auto,grupo,0.8371137380599976,22.482744,22.802744,29.682,30.002
borrow_lend,c09,medium,auto,por,0.9930722117424011,22.802744,23.002744,30.002,30.202
borrow_lend,c09,medium,auto,mensaje,0.9965001046657562,23.002744,23.402744,30.202,30.602
borrow_lend,c09,medium,auto,privado.,0.9974019527435303,23.402744,23.842744,30.602,31.042
borrow_lend,c09,medium,es,Clases,0.7992385923862457,20.462744,21.242744,27.662,28.442
borrow_lend,c09,medium,es,en,0.97995924949646,21.242744,21.462744,28.442,28.662
borrow_lend,c09,medium,es,línea.,0.8837366104125977,21.462744,21.882744,28.662,29.082
borrow_lend,c09,medium,es,Manda,0.9708325862884521,22.242744,22.482744,29.442,29.682
borrow_lend,c09,medium,es,grupo,0.8371137380599976,22.482744,22.802744,29.682,30.002
borrow_lend,c09,medium,es,por,0.9930722117424011,22.802744,23.002744,30.002,30.202
borrow_lend,c09,medium,es,mensaje,0.9965001046657562,23.002744,23.402744,30.202,30.602
borrow_lend,c09,medium,es,privado.,0.9974019527435303,23.402744,23.842744,30.602,31.042
schedule_options,c02,medium,auto,Para,0.7714028358459473,2.970249,3.490249,3.77,4.29
schedule_options,c02,medium,auto,grupos,0.8867484927177429,3.490249,3.870249,4.29,4.67
schedule_options,c02,medium,auto,y,0.9843946099281311,3.870249,4.250249,4.67,5.05
schedule_options,c02,medium,auto,Speaking,0.5674454569816589,4.250249,4.550249,5.05,5.35
schedule_options,c02,medium,auto,"Club,",0.9608398079872131,4.550249,4.850249,5.35,5.65
schedule_options,c02,medium,auto,hay,0.9952799081802368,5.210249,5.290249,6.01,6.09
schedule_options,c02,medium,auto,opciones,0.9964362382888794,5.290249,5.730249,6.09,6.53
schedule_options,c02,medium,auto,de,0.9384304285049438,5.730249,5.930249,6.53,6.73
schedule_options,c02,medium,auto,lunes,0.9373113214969635,5.930249,6.210249,6.73,7.01
schedule_options,c02,medium,auto,a,0.9911385178565979,6.210249,6.330249,7.01,7.13
schedule_options,c02,medium,auto,"viernes,",0.9970908463001251,6.330249,6.970249,7.13,7.77
schedule_options,c02,medium,auto,sábado,0.9907751282056173,7.030249,7.510249,7.83,8.31
schedule_options,c02,medium,auto,o,0.9517306089401245,7.510249,7.770249,8.31,8.57
schedule_options,c02,medium,auto,domingo.,0.9961570501327515,7.770249,8.170249,8.57,8.97
schedule_options,c02,medium,es,Para,0.7714028358459473,2.970249,3.490249,3.77,4.29
schedule_options,c02,medium,es,grupos,0.8867484927177429,3.490249,3.870249,4.29,4.67
schedule_options,c02,medium,es,y,0.9843946099281311,3.870249,4.250249,4.67,5.05
schedule_options,c02,medium,es,Speaking,0.5674454569816589,4.250249,4.550249,5.05,5.35
schedule_options,c02,medium,es,"Club,",0.9608398079872131,4.550249,4.850249,5.35,5.65
schedule_options,c02,medium,es,hay,0.9952799081802368,5.210249,5.290249,6.01,6.09
schedule_options,c02,medium,es,opciones,0.9964362382888794,5.290249,5.730249,6.09,6.53
schedule_options,c02,medium,es,de,0.9384304285049438,5.730249,5.930249,6.53,6.73
schedule_options,c02,medium,es,lunes,0.9373113214969635,5.930249,6.210249,6.73,7.01
schedule_options,c02,medium,es,a,0.9911385178565979,6.210249,6.330249,7.01,7.13
schedule_options,c02,medium,es,"viernes,",0.9970908463001251,6.330249,6.970249,7.13,7.77
schedule_options,c02,medium,es,sábado,0.9907751282056173,7.030249,7.510249,7.83,8.31
schedule_options,c02,medium,es,o,0.9517306089401245,7.510249,7.770249,8.31,8.57
schedule_options,c02,medium,es,domingo.,0.9961570501327515,7.770249,8.170249,8.57,8.97
