model,word,probability,source_start,source_end,cue,final_start_estimate,final_end_estimate,crosses_source_partition,mapping_note
small,Una,0.7288662791252136,0.0,0.24,c01,0.4,0.64,False,"Estimated word timing, fixed cue offset"
small,hora,0.9919374585151672,0.24,0.46,c01,0.64,0.86,False,"Estimated word timing, fixed cue offset"
small,entre,0.978513240814209,0.46,0.64,c01,0.86,1.04,False,"Estimated word timing, fixed cue offset"
small,semana,0.9913741946220398,0.64,1.04,c01,1.04,1.44,False,"Estimated word timing, fixed cue offset"
small,o,0.9157698750495911,1.04,1.44,c01,1.44,1.84,False,"Estimated word timing, fixed cue offset"
small,un,0.9911284446716309,1.44,1.62,c01,1.84,2.02,False,"Estimated word timing, fixed cue offset"
small,bloque,0.9612109661102295,1.62,1.8,c01,2.02,2.2,False,"Estimated word timing, fixed cue offset"
small,de,0.9852063059806824,1.8,2.0,c01,2.2,2.4,False,"Estimated word timing, fixed cue offset"
small,fin,0.9530869126319885,2.0,2.16,c01,2.4,2.56,False,"Estimated word timing, fixed cue offset"
small,de,0.9982713460922241,2.16,2.26,c01,2.56,2.66,False,"Estimated word timing, fixed cue offset"
small,semana.,0.9990154504776001,2.26,2.6,c01,2.66,3.0,False,"Estimated word timing, fixed cue offset"
small,Para,0.9942465424537659,3.1,3.38,c02,3.899751,4.179751,False,"Estimated word timing, fixed cue offset"
small,grupos,0.799373209476471,3.38,3.72,c02,4.179751,4.519751,False,"Estimated word timing, fixed cue offset"
small,y,0.9898911714553833,3.72,4.04,c02,4.519751,4.839751,False,"Estimated word timing, fixed cue offset"
small,Speaking,0.6310659050941467,4.04,4.38,c02,4.839751,5.179751,False,"Estimated word timing, fixed cue offset"
small,Club,0.9696342945098877,4.38,4.74,c02,5.179751,5.539751,False,"Estimated word timing, fixed cue offset"
small,hay,0.5961354970932007,4.74,5.22,c02,5.539751,6.019751,False,"Estimated word timing, fixed cue offset"
small,opciones,0.9965552389621735,5.22,5.56,c02,6.019751,6.359751,False,"Estimated word timing, fixed cue offset"
small,de,0.9701130390167236,5.56,5.76,c02,6.359751,6.559751,False,"Estimated word timing, fixed cue offset"
small,lunes,0.9836924970149994,5.76,6.06,c02,6.559751,6.859751,False,"Estimated word timing, fixed cue offset"
small,a,0.9953806400299072,6.06,6.24,c02,6.859751,7.039751,False,"Estimated word timing, fixed cue offset"
small,"viernes,",0.9932442307472229,6.24,6.68,c02,7.039751,7.479751,False,"Estimated word timing, fixed cue offset"
small,sábado,0.9903820753097534,6.86,7.38,c02,7.659751,8.179751,False,"Estimated word timing, fixed cue offset"
small,o,0.9862797260284424,7.38,7.66,c02,8.179751,8.459751,False,"Estimated word timing, fixed cue offset"
small,domingo.,0.9959689080715179,7.66,8.14,c02,8.459751,8.939751,False,"Estimated word timing, fixed cue offset"
small,Todos,0.9874253869056702,8.7,8.92,c03,12.700109,12.920109,False,"Estimated word timing, fixed cue offset"
small,los,0.9973676800727844,8.92,9.16,c03,12.920109,13.160109,False,"Estimated word timing, fixed cue offset"
small,horarios,0.9959430992603302,9.16,9.52,c03,13.160109,13.520109,False,"Estimated word timing, fixed cue offset"
small,son,0.9938549399375916,9.52,9.74,c03,13.520109,13.740109,False,"Estimated word timing, fixed cue offset"
small,de,0.9875978827476501,9.74,9.86,c03,13.740109,13.860109,False,"Estimated word timing, fixed cue offset"
small,Monterrey.,0.9306270281473795,9.86,10.32,c03,13.860109,14.320109,False,"Estimated word timing, fixed cue offset"
small,Speaking,0.9862377643585205,10.82,11.24,c04,15.120152,15.540152,False,"Estimated word timing, fixed cue offset"
small,Club,0.9834073185920715,11.24,11.58,c04,15.540152,15.880152,False,"Estimated word timing, fixed cue offset"
small,es,0.9932809472084045,11.58,11.84,c04,15.880152,16.140152,False,"Estimated word timing, fixed cue offset"
small,para,0.9951516389846802,11.84,12.02,c04,16.140152,16.320152,False,"Estimated word timing, fixed cue offset"
small,intermedios,0.9082321325937907,12.02,12.74,c04,16.320152,17.040152,False,"Estimated word timing, fixed cue offset"
small,y,0.9921513795852661,12.74,12.92,c04,17.040152,17.220152,False,"Estimated word timing, fixed cue offset"
small,avanzados.,0.9951023161411285,12.92,13.48,c04,17.220152,17.780152,False,"Estimated word timing, fixed cue offset"
small,Manda,0.9666719734668732,14.0,14.32,c05,19.100057,19.420057,False,"Estimated word timing, fixed cue offset"
small,horario,0.9056313335895538,14.32,14.66,c05,19.420057,19.760057,False,"Estimated word timing, fixed cue offset"
small,por,0.9920490384101868,14.66,14.82,c05,19.760057,19.920057,False,"Estimated word timing, fixed cue offset"
small,privado,0.9972796440124512,14.82,15.34,c05,19.920057,20.440057,False,"Estimated word timing, fixed cue offset"
small,y,0.9728187322616577,15.34,15.56,c05,20.440057,20.660057,False,"Estimated word timing, fixed cue offset"
small,cuéntanos,0.9317830006281534,15.56,16.1,c05,20.660057,21.200057,False,"Estimated word timing, fixed cue offset"
small,qué,0.534010112285614,16.1,16.38,c05,21.200057,21.480057,False,"Estimated word timing, fixed cue offset"
small,opción,0.9947925508022308,16.38,16.7,c05,21.480057,21.800057,False,"Estimated word timing, fixed cue offset"
small,prefieres.,0.9211415449778239,16.7,17.32,c05,21.800057,22.420057,False,"Estimated word timing, fixed cue offset"
medium,Una,0.4448755085468292,0.0,0.34,c01,0.4,0.74,False,"Estimated word timing, fixed cue offset"
medium,hora,0.982137143611908,0.34,0.52,c01,0.74,0.92,False,"Estimated word timing, fixed cue offset"
medium,entre,0.9898498058319092,0.52,0.74,c01,0.92,1.14,False,"Estimated word timing, fixed cue offset"
medium,semana,0.9851078391075134,0.74,1.18,c01,1.14,1.58,False,"Estimated word timing, fixed cue offset"
medium,o,0.9219311475753784,1.18,1.54,c01,1.58,1.94,False,"Estimated word timing, fixed cue offset"
medium,un,0.9890561103820801,1.54,1.72,c01,1.94,2.12,False,"Estimated word timing, fixed cue offset"
medium,bloque,0.9976412057876587,1.72,1.94,c01,2.12,2.34,False,"Estimated word timing, fixed cue offset"
medium,de,0.987472653388977,1.94,2.14,c01,2.34,2.54,False,"Estimated word timing, fixed cue offset"
medium,fin,0.9946488738059998,2.14,2.24,c01,2.54,2.64,False,"Estimated word timing, fixed cue offset"
medium,de,0.9986530542373657,2.24,2.42,c01,2.64,2.82,False,"Estimated word timing, fixed cue offset"
medium,semana.,0.9973222613334656,2.42,2.74,c01,2.82,3.14,False,"Estimated word timing, fixed cue offset"
medium,Para,0.9868777394294739,3.32,3.48,c02,4.119751,4.279751,False,"Estimated word timing, fixed cue offset"
medium,grupos,0.9513155221939087,3.48,3.88,c02,4.279751,4.679751,False,"Estimated word timing, fixed cue offset"
medium,y,0.9884363412857056,3.88,4.22,c02,4.679751,5.019751,False,"Estimated word timing, fixed cue offset"
medium,Speaking,0.7654405832290649,4.22,4.54,c02,5.019751,5.339751,False,"Estimated word timing, fixed cue offset"
medium,Club,0.9714674949645996,4.54,4.82,c02,5.339751,5.619751,False,"Estimated word timing, fixed cue offset"
medium,hay,0.6809394359588623,4.82,5.28,c02,5.619751,6.079751,False,"Estimated word timing, fixed cue offset"
medium,opciones,0.9976744055747986,5.28,5.7,c02,6.079751,6.499751,False,"Estimated word timing, fixed cue offset"
medium,de,0.9791730642318726,5.7,5.94,c02,6.499751,6.739751,False,"Estimated word timing, fixed cue offset"
medium,lunes,0.9628441631793976,5.94,6.18,c02,6.739751,6.979751,False,"Estimated word timing, fixed cue offset"
medium,a,0.9924790859222412,6.18,6.32,c02,6.979751,7.119751,False,"Estimated word timing, fixed cue offset"
medium,"viernes,",0.9966475367546082,6.32,6.94,c02,7.119751,7.739751,False,"Estimated word timing, fixed cue offset"
medium,sábado,0.9918750325838724,7.02,7.5,c02,7.819751,8.299751,False,"Estimated word timing, fixed cue offset"
medium,o,0.9394964575767517,7.5,7.76,c02,8.299751,8.559751,False,"Estimated word timing, fixed cue offset"
medium,domingo.,0.9957625567913055,7.76,8.48,c02,8.559751,9.279751,True,Contains adjacent silence/partition; do not use blindly
medium,Todos,0.9764446020126343,8.88,9.1,c03,12.880109,13.100109,False,"Estimated word timing, fixed cue offset"
medium,los,0.9930769205093384,9.1,9.34,c03,13.100109,13.340109,False,"Estimated word timing, fixed cue offset"
medium,horarios,0.9991734623908997,9.34,9.6,c03,13.340109,13.600109,False,"Estimated word timing, fixed cue offset"
medium,son,0.9981580376625061,9.6,9.8,c03,13.600109,13.800109,False,"Estimated word timing, fixed cue offset"
medium,de,0.9946985244750977,9.8,9.96,c03,13.800109,13.960109,False,"Estimated word timing, fixed cue offset"
medium,Monterrey.,0.9853460590044657,9.96,10.52,c03,13.960109,14.520109,False,"Estimated word timing, fixed cue offset"
medium,Speaking,0.9825839400291443,11.18,11.4,c04,15.480152,15.700152,False,"Estimated word timing, fixed cue offset"
medium,Club,0.9499697089195251,11.4,11.66,c04,15.700152,15.960152,False,"Estimated word timing, fixed cue offset"
medium,es,0.9946803450584412,11.66,11.98,c04,15.960152,16.280152,False,"Estimated word timing, fixed cue offset"
medium,para,0.998383641242981,11.98,12.18,c04,16.280152,16.480152,False,"Estimated word timing, fixed cue offset"
medium,intermedios,0.9028218189875284,12.18,12.8,c04,16.480152,17.100152,False,"Estimated word timing, fixed cue offset"
medium,y,0.9969262480735779,12.8,13.08,c04,17.100152,17.380152,False,"Estimated word timing, fixed cue offset"
medium,avanzados.,0.9942198097705841,13.08,13.78,c04,17.380152,18.080152,False,"Estimated word timing, fixed cue offset"
medium,Manda,0.9775918126106262,14.2,14.42,c05,19.300057,19.520057,False,"Estimated word timing, fixed cue offset"
medium,horario,0.9869789481163025,14.42,14.74,c05,19.520057,19.840057,False,"Estimated word timing, fixed cue offset"
medium,por,0.9975600242614746,14.74,15.02,c05,19.840057,20.120057,False,"Estimated word timing, fixed cue offset"
medium,privado,0.99631068110466,15.02,15.42,c05,20.120057,20.520057,False,"Estimated word timing, fixed cue offset"
medium,y,0.9833377003669739,15.42,15.8,c05,20.520057,20.900057,False,"Estimated word timing, fixed cue offset"
medium,cuéntanos,0.9886205991109213,15.8,16.26,c05,20.900057,21.360057,False,"Estimated word timing, fixed cue offset"
medium,qué,0.7781866192817688,16.26,16.46,c05,21.360057,21.560057,False,"Estimated word timing, fixed cue offset"
medium,opción,0.9960722923278809,16.46,16.82,c05,21.560057,21.920057,False,"Estimated word timing, fixed cue offset"
medium,prefieres.,0.9951586723327637,16.82,17.34,c05,21.920057,22.440057,False,"Estimated word timing, fixed cue offset"
