model,start,end,word,probability
small,0.0,0.4, ¿Buscas,0.8349786698818207
small,0.4,0.6, una,0.9943423271179199
small,0.6,0.82, clase,0.9974687099456787
small,0.82,1.44, privada,0.9984509646892548
small,1.44,1.68, o,0.9365326166152954
small,1.68,2.06, clases,0.9823910295963287
small,2.06,2.28, para,0.9965156316757202
small,2.28,2.42, tu,0.989221453666687
small,2.42,2.7, equipo?,0.997723400592804
small,3.28,3.4, Las,0.9818491339683533
small,3.4,3.82, privadas,0.9958545863628387
small,3.82,4.04, pueden,0.9941987991333008
small,4.04,4.32, ser,0.9962104558944702
small,4.32,4.54, para,0.983869731426239
small,4.54,4.84," una,",0.7904418706893921
small,5.1,5.32, dos,0.9824672341346741
small,5.32,5.68, o,0.8683299422264099
small,5.68,5.92, tres,0.9869165420532227
small,5.92,6.42, personas.,0.9957424998283386
small,7.02,7.14, Las,0.9922762513160706
small,7.14,7.48, clases,0.994901567697525
small,7.48,7.64, para,0.9948262572288513
small,7.64,8.02, empresas,0.8529847860336304
small,8.02,8.32, son,0.9728570580482483
small,8.32,8.48, en,0.9968793392181396
small,8.48,8.78, línea,0.9953179359436035
small,8.78,9.2, para,0.5933964848518372
small,9.2,9.32, un,0.9961590766906738
small,9.32,9.66, máximo,0.9946421384811401
small,9.66,9.9, de,0.9967729449272156
small,9.9,10.14, diez,0.3302172124385834
small,10.14,10.36, por,0.9975482821464539
small,10.36,10.72, clase.,0.9952787160873413
small,11.2,11.6, Cuéntanos,0.946586549282074
small,11.6,11.84, qué,0.8303314447402954
small,11.84,12.34, necesitan,0.9795432090759277
small,12.34,12.86, practicar.,0.9770607650279999
small,13.16,13.56, Manda,0.9327857494354248
small,13.56,14.28, privado,0.9101312160491943
small,14.28,14.46, o,0.9870823621749878
small,14.46,14.94, empresa,0.9968461394309998
small,14.94,15.26, por,0.9838266968727112
small,15.26,15.7, mensaje,0.9956351220607758
small,15.7,16.18, privado.,0.998769998550415
